Source,Target,Weight
以/verb,以/verb,202
人/noun,人/noun,201
有/verb,有/verb,174
為/verb,為/verb,139
知/verb,知/verb,133
無/verb,無/verb,132
如/verb,如/verb,122
則/adv,則/adv,116
君子/noun,君子/noun,107
道/noun,道/noun,85
仁/noun,仁/noun,81
禮/noun,禮/noun,79
言/noun,言/noun,71
好/verb,好/verb,67
行/verb,行/verb,56
見/verb,見/verb,55
未/adv,未/adv,54
必/adv,必/adv,54
謂/verb,謂/verb,54
言/verb,言/verb,53
子/noun,子/noun,53
天/noun,天/noun,51
聞/verb,聞/verb,48
在/verb,在/verb,47
亦/adv,亦/adv,45
樂/noun,樂/noun,44
民/noun,民/noun,42
小/verb,小/verb,42
大/verb,大/verb,41
邦/noun,邦/noun,40
得/verb,得/verb,39
學/verb,學/verb,38
德/noun,德/noun,38
君/noun,君/noun,38
從/verb,從/verb,38
為/verb,以/verb,37
以/verb,為/verb,37
善/verb,善/verb,36
使/verb,使/verb,35
求/verb,求/verb,35
曰/verb,曰/verb,35
與/verb,與/verb,34
下/noun,下/noun,34
事/noun,事/noun,33
夫子/noun,夫子/noun,33
何/adv,何/adv,33
然/verb,然/verb,32
政/noun,政/noun,31
父/noun,父/noun,31
信/verb,信/verb,30
後/noun,後/noun,30
非/adv,非/adv,30
小/verb,人/noun,29
人/noun,小/verb,29
立/verb,立/verb,27
焉/adv,焉/adv,27
仁/verb,仁/verb,27
遠/verb,遠/verb,26
臣/noun,臣/noun,26
成/verb,成/verb,26
死/verb,死/verb,26
學/noun,學/noun,25
事/verb,事/verb,25
雖/adv,雖/adv,25
居/verb,居/verb,25
思/verb,思/verb,25
今/noun,今/noun,25
賢/verb,賢/verb,24
及/verb,及/verb,24
義/noun,義/noun,22
以/verb,禮/noun,22
禮/noun,以/verb,22
問/verb,問/verb,22
直/verb,直/verb,22
中/noun,中/noun,22
天/noun,下/noun,22
下/noun,天/noun,22
上/noun,上/noun,21
云/verb,云/verb,21
正/verb,正/verb,21
達/verb,達/verb,21
敬/verb,敬/verb,20
用/verb,用/verb,20
文/noun,文/noun,20
年/noun,年/noun,20
色/noun,色/noun,19
由/verb,由/verb,19
多/verb,多/verb,19
說/verb,說/verb,18
可/verb,可/verb,18
命/noun,命/noun,18
惡/verb,惡/verb,18
難/verb,難/verb,18
知/verb,為/verb,17
為/verb,知/verb,17
仁/noun,知/verb,17
知/verb,仁/noun,17
至/verb,至/verb,16
出/verb,出/verb,16
失/verb,失/verb,16
好/verb,學/noun,16
學/noun,好/verb,16
欲/verb,欲/verb,16
人/noun,以/verb,16
以/verb,人/noun,16
莫/adv,莫/adv,16
怨/verb,怨/verb,16
日/noun,日/noun,15
身/noun,身/noun,15
志/noun,志/noun,15
先/noun,先/noun,15
有/verb,道/noun,15
道/noun,有/verb,15
勇/noun,勇/noun,15
惡/noun,惡/noun,15
士/noun,士/noun,15
必/adv,有/verb,15
有/verb,必/adv,15
邦/noun,道/noun,15
道/noun,邦/noun,15
夫/noun,夫/noun,15
人/noun,有/verb,15
有/verb,人/noun,15
人/noun,知/verb,14
知/verb,人/noun,14
過/noun,過/noun,14
未/adv,見/verb,14
見/verb,未/adv,14
人/noun,言/noun,14
言/noun,人/noun,14
則/adv,以/verb,13
以/verb,則/adv,13
道/noun,以/verb,13
以/verb,道/noun,13
亦/adv,以/verb,13
以/verb,亦/adv,13
無/verb,則/adv,13
則/adv,無/verb,13
禮/noun,樂/noun,13
樂/noun,禮/noun,13
以/verb,君子/noun,13
君子/noun,以/verb,13
為/verb,人/noun,12
人/noun,為/verb,12
言/noun,以/verb,12
以/verb,言/noun,12
無/verb,道/noun,12
道/noun,無/verb,12
知/verb,以/verb,12
以/verb,知/verb,12
則/adv,民/noun,12
民/noun,則/adv,12
無/verb,以/verb,12
以/verb,無/verb,12
有/verb,君子/noun,11
君子/noun,有/verb,11
言/noun,有/verb,11
有/verb,言/noun,11
為/verb,無/verb,11
無/verb,為/verb,11
從/verb,政/noun,11
政/noun,從/verb,11
為/verb,仁/noun,10
仁/noun,為/verb,10
君子/noun,無/verb,10
無/verb,君子/noun,10
為/verb,政/noun,10
政/noun,為/verb,10
知/verb,禮/noun,10
禮/noun,知/verb,10
道/noun,則/adv,10
則/adv,道/noun,10
如/verb,好/verb,10
好/verb,如/verb,10
必/adv,在/verb,10
在/verb,必/adv,10
有/verb,天/noun,10
有/verb,下/noun,10
天/noun,有/verb,10
下/noun,有/verb,10
以/verb,文/noun,9
文/noun,以/verb,9
事/verb,君/noun,9
君/noun,事/verb,9
無/verb,知/verb,9
知/verb,無/verb,9
君/noun,臣/noun,9
臣/noun,君/noun,9
為/verb,有/verb,9
有/verb,為/verb,9
有/verb,則/adv,9
則/adv,有/verb,9
然/verb,後/noun,9
後/noun,然/verb,9
曰/verb,有/verb,9
有/verb,曰/verb,9
禮/noun,則/adv,9
則/adv,禮/noun,9
使/verb,民/noun,8
民/noun,使/verb,8
好/verb,上/noun,8
上/noun,好/verb,8
則/adv,學/verb,8
學/verb,則/adv,8
無/verb,如/verb,8
如/verb,無/verb,8
政/noun,以/verb,8
以/verb,政/noun,8
以/verb,德/noun,8
德/noun,以/verb,8
人/noun,無/verb,8
無/verb,人/noun,8
以/verb,行/verb,8
行/verb,以/verb,8
人/noun,如/verb,8
如/verb,人/noun,8
焉/adv,知/verb,8
知/verb,焉/adv,8
君/noun,為/verb,8
為/verb,君/noun,8
邦/noun,有/verb,8
有/verb,邦/noun,8
道/noun,行/verb,8
行/verb,道/noun,8
君子/noun,道/noun,8
道/noun,君子/noun,8
大/verb,夫/noun,8
夫/noun,大/verb,8
人/noun,見/verb,8
見/verb,人/noun,8
亦/adv,有/verb,7
有/verb,亦/adv,7
人/noun,求/verb,7
求/verb,人/noun,7
曰/verb,學/verb,7
學/verb,曰/verb,7
有/verb,政/noun,7
政/noun,有/verb,7
人/noun,仁/verb,7
仁/verb,人/noun,7
為/verb,禮/noun,7
禮/noun,為/verb,7
下/noun,道/noun,7
道/noun,下/noun,7
見/verb,思/verb,7
思/verb,見/verb,7
邦/noun,無/verb,7
無/verb,邦/noun,7
下/noun,以/verb,7
以/verb,下/noun,7
子/noun,為/verb,7
為/verb,子/noun,7
為/verb,難/verb,7
難/verb,為/verb,7
無/verb,禮/noun,7
禮/noun,無/verb,7
有/verb,無/verb,7
無/verb,有/verb,7
與/verb,言/verb,7
言/verb,與/verb,7
聞/verb,行/verb,7
行/verb,聞/verb,7
成/verb,人/noun,7
人/noun,成/verb,7
未/adv,有/verb,6
有/verb,未/adv,6
必/adv,聞/verb,6
聞/verb,必/adv,6
如/verb,則/adv,6
則/adv,如/verb,6
如/verb,謂/verb,6
謂/verb,如/verb,6
小/verb,大/verb,6
大/verb,小/verb,6
大/verb,無/verb,6
無/verb,大/verb,6
無/verb,小/verb,6
小/verb,無/verb,6
亦/adv,為/verb,6
為/verb,亦/adv,6
無/verb,勇/noun,6
勇/noun,無/verb,6
行/verb,則/adv,6
則/adv,行/verb,6
在/verb,中/noun,6
中/noun,在/verb,6
有/verb,如/verb,6
如/verb,有/verb,6
成/verb,事/noun,6
事/noun,成/verb,6
以/verb,成/verb,6
成/verb,以/verb,6
仁/verb,仁/noun,6
仁/noun,仁/verb,6
君子/noun,言/noun,6
言/noun,君子/noun,6
知/verb,則/adv,6
則/adv,知/verb,6
君子/noun,人/noun,6
人/noun,君子/noun,6
焉/adv,用/verb,6
用/verb,焉/adv,6
善/verb,人/noun,6
人/noun,善/verb,6
如/verb,知/verb,6
知/verb,如/verb,6
則/adv,邦/noun,6
邦/noun,則/adv,6
何/adv,有/verb,6
有/verb,何/adv,6
為/verb,君子/noun,6
君子/noun,為/verb,6
以/verb,上/noun,6
上/noun,以/verb,6
人/noun,達/verb,6
達/verb,人/noun,6
人/noun,必/adv,6
必/adv,人/noun,6
人/noun,則/adv,6
則/adv,人/noun,6
言/noun,無/verb,6
無/verb,言/noun,6
何/adv,必/adv,6
必/adv,何/adv,6
言/verb,必/adv,6
必/adv,言/verb,6
臣/noun,父/noun,6
父/noun,臣/noun,6
人/noun,道/noun,6
道/noun,人/noun,6
敬/verb,事/noun,5
事/noun,敬/verb,5
人/noun,使/verb,5
使/verb,人/noun,5
民/noun,以/verb,5
以/verb,民/noun,5
仁/noun,有/verb,5
有/verb,仁/noun,5
事/verb,父/noun,5
父/noun,事/verb,5
未/adv,學/verb,5
學/verb,未/adv,5
為/verb,小/verb,5
小/verb,為/verb,5
無/verb,求/verb,5
求/verb,無/verb,5
民/noun,無/verb,5
無/verb,民/noun,5
以/verb,有/verb,5
有/verb,以/verb,5
人/noun,焉/adv,5
焉/adv,人/noun,5
民/noun,敬/verb,5
敬/verb,民/noun,5
義/noun,為/verb,5
義/noun,無/verb,5
為/verb,義/noun,5
無/verb,義/noun,5
人/noun,子/noun,5
子/noun,人/noun,5
臣/noun,以/verb,5
以/verb,臣/noun,5
仁/noun,焉/adv,5
焉/adv,仁/noun,5
未/adv,與/verb,5
與/verb,未/adv,5
德/noun,小/verb,5
小/verb,德/noun,5
莫/adv,知/verb,5
知/verb,莫/adv,5
聞/verb,夫子/noun,5
夫子/noun,聞/verb,5
得/verb,仁/noun,5
仁/noun,得/verb,5
信/verb,好/verb,5
好/verb,信/verb,5
以/verb,大/verb,5
大/verb,以/verb,5
何/adv,人/noun,5
人/noun,何/adv,5
事/noun,則/adv,5
則/adv,事/noun,5
與/verb,立/verb,5
立/verb,與/verb,5
以/verb,從/verb,5
從/verb,以/verb,5
有/verb,民/noun,5
民/noun,有/verb,5
為/verb,學/noun,5
學/noun,為/verb,5
見/verb,如/verb,5
如/verb,見/verb,5
在/verb,邦/noun,5
邦/noun,在/verb,5
父/noun,子/noun,5
子/noun,父/noun,5
善/verb,如/verb,5
如/verb,善/verb,5
身/noun,正/verb,5
正/verb,身/noun,5
則/adv,樂/noun,5
樂/noun,則/adv,5
言/noun,曰/verb,5
言/noun,為/verb,5
曰/verb,言/noun,5
為/verb,言/noun,5
說/verb,以/verb,5
以/verb,說/verb,5
人/noun,遠/verb,5
遠/verb,人/noun,5
言/noun,色/noun,4
色/noun,言/noun,4
亦/adv,人/noun,4
人/noun,亦/adv,4
亦/adv,君子/noun,4
君子/noun,亦/adv,4
邦/noun,必/adv,4
必/adv,邦/noun,4
行/verb,有/verb,4
有/verb,行/verb,4
以/verb,學/verb,4
學/verb,以/verb,4
君子/noun,則/adv,4
則/adv,君子/noun,4
有/verb,雖/adv,4
雖/adv,有/verb,4
父/noun,在/verb,4
在/verb,父/noun,4
有/verb,知/verb,4
知/verb,有/verb,4
禮/noun,亦/adv,4
亦/adv,禮/noun,4
曰/verb,無/verb,4
無/verb,曰/verb,4
知/verb,天/noun,4
天/noun,知/verb,4
天/noun,無/verb,4
無/verb,天/noun,4
禮/noun,言/verb,4
言/verb,禮/noun,4
使/verb,臣/noun,4
臣/noun,使/verb,4
夫子/noun,為/verb,4
為/verb,夫子/noun,4
人/noun,惡/verb,4
惡/verb,人/noun,4
德/noun,人/noun,4
人/noun,德/noun,4
為/verb,如/verb,4
如/verb,為/verb,4
未/adv,好/verb,4
好/verb,未/adv,4
好/verb,仁/noun,4
仁/noun,好/verb,4
仁/noun,以/verb,4
以/verb,仁/noun,4
求/verb,為/verb,4
為/verb,求/verb,4
成/verb,君子/noun,4
君子/noun,成/verb,4
德/noun,必/adv,4
必/adv,德/noun,4
好/verb,勇/noun,4
勇/noun,好/verb,4
問/verb,以/verb,4
以/verb,問/verb,4
君子/noun,行/verb,4
行/verb,君子/noun,4
言/noun,然/verb,4
然/verb,言/noun,4
行/verb,無/verb,4
無/verb,行/verb,4
聞/verb,君子/noun,4
君子/noun,聞/verb,4
使/verb,政/noun,4
政/noun,使/verb,4
今/noun,則/adv,4
則/adv,今/noun,4
則/adv,未/adv,4
未/adv,則/adv,4
從/verb,何/adv,4
政/noun,何/adv,4
何/adv,從/verb,4
何/adv,政/noun,4
說/verb,道/noun,4
道/noun,說/verb,4
知/verb,好/verb,4
好/verb,知/verb,4
謂/verb,仁/noun,4
仁/noun,謂/verb,4
人/noun,下/noun,4
下/noun,人/noun,4
君子/noun,學/verb,4
學/verb,君子/noun,4
如/verb,仁/noun,4
仁/noun,如/verb,4
為/verb,樂/noun,4
樂/noun,為/verb,4
賢/verb,人/noun,4
人/noun,賢/verb,4
以/verb,求/verb,4
求/verb,以/verb,4
曰/verb,人/noun,4
人/noun,曰/verb,4
樂/noun,以/verb,4
以/verb,樂/noun,4
知/verb,小/verb,4
小/verb,知/verb,4
小/verb,子/noun,4
子/noun,小/verb,4
人/noun,天/noun,4
天/noun,人/noun,4
則/adv,見/verb,4
見/verb,則/adv,4
好/verb,德/noun,4
德/noun,好/verb,4
言/verb,無/verb,4
無/verb,言/verb,4
與/verb,道/noun,4
道/noun,與/verb,4
人/noun,後/noun,4
後/noun,人/noun,4
如/verb,用/verb,4
用/verb,如/verb,4
事/verb,人/noun,4
人/noun,事/verb,4
言/verb,言/noun,4
言/noun,言/verb,4
子/noun,曰/verb,4
曰/verb,子/noun,4
以/verb,居/verb,4
居/verb,以/verb,4
有/verb,勇/noun,4
勇/noun,有/verb,4
非/adv,禮/noun,4
禮/noun,非/adv,4
人/noun,在/verb,4
在/verb,人/noun,4
無/verb,怨/verb,4
怨/verb,無/verb,4
失/verb,人/noun,4
人/noun,失/verb,4
人/noun,惡/noun,4
惡/noun,人/noun,4
為/verb,焉/adv,4
焉/adv,為/verb,4
好/verb,則/adv,4
則/adv,好/verb,4
信/verb,則/adv,4
則/adv,信/verb,4
言/noun,邦/noun,4
邦/noun,言/noun,4
謂/verb,士/noun,4
士/noun,謂/verb,4
思/verb,義/noun,4
義/noun,思/verb,4
言/verb,謂/verb,4
謂/verb,言/verb,4
言/noun,知/verb,4
知/verb,言/noun,4
以/verb,信/verb,4
信/verb,以/verb,4
人/noun,大/verb,4
大/verb,人/noun,4
思/verb,敬/verb,4
敬/verb,思/verb,4
云/verb,樂/noun,4
樂/noun,云/verb,4
色/noun,仁/noun,3
仁/noun,色/noun,3
人/noun,民/noun,3
使/verb,以/verb,3
民/noun,人/noun,3
以/verb,使/verb,3
有/verb,遠/verb,3
遠/verb,有/verb,3
未/adv,君子/noun,3
君子/noun,未/adv,3
邦/noun,聞/verb,3
聞/verb,邦/noun,3
則/adv,出/verb,3
出/verb,則/adv,3
學/verb,文/noun,3
文/noun,學/verb,3
如/verb,過/noun,3
過/noun,如/verb,3
以/verb,得/verb,3
得/verb,以/verb,3
得/verb,夫子/noun,3
夫子/noun,得/verb,3
雖/adv,曰/verb,3
曰/verb,雖/adv,3
曰/verb,未/adv,3
未/adv,曰/verb,3
道/noun,謂/verb,3
謂/verb,道/noun,3
義/noun,言/noun,3
言/noun,義/noun,3
失/verb,亦/adv,3
亦/adv,失/verb,3
可/verb,未/adv,3
未/adv,可/verb,3
好/verb,禮/noun,3
禮/noun,好/verb,3
求/verb,居/verb,3
居/verb,求/verb,3
有/verb,正/verb,3
正/verb,有/verb,3
德/noun,如/verb,3
如/verb,德/noun,3
知/verb,命/noun,3
天/noun,命/noun,3
命/noun,知/verb,3
命/noun,天/noun,3
禮/noun,有/verb,3
有/verb,禮/noun,3
敬/verb,以/verb,3
以/verb,敬/verb,3
行/verb,言/noun,3
行/verb,後/noun,3
言/noun,行/verb,3
後/noun,行/verb,3
思/verb,則/adv,3
則/adv,思/verb,3
以/verb,如/verb,3
如/verb,以/verb,3
知/verb,大/verb,3
大/verb,知/verb,3
何/adv,以/verb,3
以/verb,何/adv,3
多/verb,聞/verb,3
聞/verb,多/verb,3
言/verb,則/adv,3
則/adv,言/verb,3
多/verb,見/verb,3
見/verb,多/verb,3
天/noun,子/noun,3
子/noun,天/noun,3
仁/verb,如/verb,3
如/verb,仁/verb,3
如/verb,禮/noun,3
禮/noun,如/verb,3
如/verb,樂/noun,3
樂/noun,如/verb,3
君/noun,如/verb,3
如/verb,君/noun,3
臣/noun,事/verb,3
事/verb,臣/noun,3
事/verb,以/verb,3
以/verb,事/verb,3
事/noun,說/verb,3
說/verb,事/noun,3
然/verb,則/adv,3
則/adv,然/verb,3
下/noun,無/verb,3
無/verb,下/noun,3
好/verb,人/noun,3
人/noun,好/verb,3
仁/noun,無/verb,3
無/verb,仁/noun,3
無/verb,惡/noun,3
惡/noun,無/verb,3
聞/verb,道/noun,3
道/noun,聞/verb,3
道/noun,死/verb,3
死/verb,道/noun,3
人/noun,過/noun,3
過/noun,人/noun,3
夫子/noun,道/noun,3
道/noun,夫子/noun,3
見/verb,好/verb,3
見/verb,仁/noun,3
好/verb,見/verb,3
仁/noun,見/verb,3
以/verb,惡/noun,3
惡/noun,以/verb,3
身/noun,有/verb,3
有/verb,身/noun,3
有/verb,用/verb,3
用/verb,有/verb,3
有/verb,見/verb,3
見/verb,有/verb,3
以/verb,立/verb,3
立/verb,以/verb,3
道/noun,得/verb,3
得/verb,道/noun,3
惡/verb,以/verb,3
以/verb,惡/verb,3
君子/noun,義/noun,3
義/noun,君子/noun,3
未/adv,信/verb,3
信/verb,未/adv,3
君子/noun,焉/adv,3
焉/adv,君子/noun,3
求/verb,如/verb,3
如/verb,求/verb,3
焉/adv,得/verb,3
得/verb,焉/adv,3
聞/verb,以/verb,3
聞/verb,知/verb,3
以/verb,聞/verb,3
知/verb,聞/verb,3
亦/adv,無/verb,3
無/verb,亦/adv,3
今/noun,人/noun,3
人/noun,今/noun,3
得/verb,聞/verb,3
聞/verb,得/verb,3
未/adv,知/verb,3
知/verb,未/adv,3
民/noun,義/noun,3
義/noun,民/noun,3
無/verb,色/noun,3
色/noun,無/verb,3
言/verb,志/noun,3
志/noun,言/verb,3
則/adv,曰/verb,3
曰/verb,則/adv,3
居/verb,行/verb,3
行/verb,居/verb,3
仁/noun,則/adv,3
則/adv,仁/noun,3
使/verb,從/verb,3
從/verb,使/verb,3
求/verb,從/verb,3
從/verb,求/verb,3
非/adv,子/noun,3
子/noun,非/adv,3
善/verb,為/verb,3
為/verb,善/verb,3
則/adv,在/verb,3
在/verb,則/adv,3
以/verb,未/adv,3
未/adv,以/verb,3
死/verb,無/verb,3
無/verb,死/verb,3
年/noun,以/verb,3
以/verb,年/noun,3
人/noun,行/verb,3
行/verb,人/noun,3
行/verb,必/adv,3
必/adv,行/verb,3
子/noun,以/verb,3
以/verb,子/noun,3
行/verb,子/noun,3
子/noun,行/verb,3
仁/noun,欲/verb,3
欲/verb,仁/noun,3
謂/verb,德/noun,3
德/noun,謂/verb,3
下/noun,民/noun,3
民/noun,下/noun,3
善/verb,君子/noun,3
君子/noun,善/verb,3
事/noun,有/verb,3
有/verb,事/noun,3
遠/verb,仁/verb,3
仁/verb,遠/verb,3
如/verb,及/verb,3
及/verb,如/verb,3
有/verb,臣/noun,3
臣/noun,有/verb,3
學/verb,無/verb,3
無/verb,學/verb,3
居/verb,下/noun,3
下/noun,居/verb,3
大/verb,為/verb,3
為/verb,大/verb,3
事/noun,君子/noun,3
君子/noun,事/noun,3
在/verb,天/noun,3
天/noun,在/verb,3
君子/noun,居/verb,3
居/verb,君子/noun,3
臣/noun,為/verb,3
為/verb,臣/noun,3
死/verb,子/noun,3
子/noun,死/verb,3
則/adv,事/verb,3
事/verb,則/adv,3
非/adv,人/noun,3
夫/noun,人/noun,3
人/noun,非/adv,3
人/noun,夫/noun,3
未/adv,人/noun,3
事/verb,焉/adv,3
人/noun,未/adv,3
焉/adv,事/verb,3
人/noun,言/verb,3
言/verb,人/noun,3
言/noun,必/adv,3
必/adv,言/noun,3
亦/adv,言/verb,3
言/verb,亦/adv,3
死/verb,有/verb,3
有/verb,死/verb,3
從/verb,大/verb,3
從/verb,夫/noun,3
大/verb,從/verb,3
大/verb,後/noun,3
夫/noun,從/verb,3
夫/noun,後/noun,3
後/noun,大/verb,3
後/noun,夫/noun,3
在/verb,聞/verb,3
聞/verb,在/verb,3
謂/verb,臣/noun,3
大/verb,臣/noun,3
臣/noun,謂/verb,3
臣/noun,大/verb,3
問/verb,聞/verb,3
聞/verb,問/verb,3
曰/verb,聞/verb,3
聞/verb,曰/verb,3
曰/verb,如/verb,3
如/verb,曰/verb,3
道/noun,事/verb,3
事/verb,道/noun,3
年/noun,有/verb,3
有/verb,年/noun,3
民/noun,禮/noun,3
禮/noun,民/noun,3
非/adv,邦/noun,3
邦/noun,非/adv,3
難/verb,無/verb,3
無/verb,難/verb,3
民/noun,信/verb,3
信/verb,民/noun,3
人/noun,邦/noun,3
在/verb,無/verb,3
邦/noun,人/noun,3
無/verb,在/verb,3
無/verb,立/verb,3
立/verb,無/verb,3
政/noun,子/noun,3
子/noun,政/noun,3
道/noun,如/verb,3
如/verb,道/noun,3
身/noun,以/verb,3
以/verb,身/noun,3
聞/verb,達/verb,3
達/verb,聞/verb,3
直/verb,好/verb,3
好/verb,直/verb,3
好/verb,義/noun,3
義/noun,好/verb,3
為/verb,年/noun,3
年/noun,為/verb,3
則/adv,莫/adv,3
民/noun,莫/adv,3
莫/adv,則/adv,3
莫/adv,民/noun,3
君子/noun,知/verb,3
知/verb,君子/noun,3
言/verb,行/verb,3
行/verb,言/verb,3
直/verb,父/noun,3
父/noun,直/verb,3
小/verb,則/adv,3
則/adv,小/verb,3
則/adv,大/verb,3
大/verb,則/adv,3
曰/verb,君/noun,3
君/noun,曰/verb,3
莫/adv,如/verb,3
如/verb,莫/adv,3
中/noun,行/verb,3
行/verb,中/noun,3
怨/verb,以/verb,3
以/verb,怨/verb,3
仁/verb,有/verb,3
仁/verb,未/adv,3
有/verb,仁/verb,3
未/adv,仁/verb,3
有/verb,德/noun,3
德/noun,有/verb,3
為/verb,今/noun,3
今/noun,為/verb,3
以/verb,直/verb,3
直/verb,以/verb,3
與/verb,失/verb,3
失/verb,與/verb,3
失/verb,言/noun,3
失/verb,知/verb,3
言/noun,失/verb,3
知/verb,失/verb,3
大/verb,賢/verb,3
賢/verb,大/verb,3
則/adv,遠/verb,3
遠/verb,則/adv,3
言/noun,及/verb,3
及/verb,言/noun,3
義/noun,以/verb,3
以/verb,義/noun,3
知/verb,及/verb,3
及/verb,知/verb,3
及/verb,仁/noun,3
仁/noun,及/verb,3
知/verb,上/noun,3
上/noun,知/verb,3
聞/verb,禮/noun,3
禮/noun,聞/verb,3
行/verb,義/noun,3
義/noun,行/verb,3
思/verb,問/verb,3
問/verb,思/verb,3
學/verb,禮/noun,3
禮/noun,學/verb,3
禮/noun,云/verb,3
云/verb,禮/noun,3
有/verb,惡/noun,3
惡/noun,有/verb,3
道/noun,焉/adv,3
焉/adv,道/noun,3
焉/adv,有/verb,3
有/verb,焉/adv,3
日/noun,身/noun,2
身/noun,日/noun,2
身/noun,為/verb,2
為/verb,身/noun,2
民/noun,德/noun,2
德/noun,民/noun,2
夫子/noun,邦/noun,2
至/verb,邦/noun,2
邦/noun,夫子/noun,2
邦/noun,至/verb,2
必/adv,政/noun,2
聞/verb,求/verb,2
政/noun,必/adv,2
求/verb,聞/verb,2
仁/noun,行/verb,2
行/verb,仁/noun,2
則/adv,學/noun,2
學/noun,則/adv,2
信/verb,無/verb,2
無/verb,信/verb,2
過/noun,則/adv,2
則/adv,過/noun,2
以/verb,夫子/noun,2
得/verb,求/verb,2
夫子/noun,以/verb,2
夫子/noun,求/verb,2
求/verb,得/verb,2
求/verb,夫子/noun,2
言/verb,有/verb,2
有/verb,言/verb,2
學/verb,必/adv,2
學/verb,謂/verb,2
必/adv,學/verb,2
謂/verb,學/verb,2
年/noun,無/verb,2
無/verb,年/noun,2
無/verb,父/noun,2
父/noun,無/verb,2
父/noun,道/noun,2
父/noun,謂/verb,2
道/noun,父/noun,2
謂/verb,父/noun,2
與/verb,言/noun,2
言/noun,與/verb,2
行/verb,知/verb,2
知/verb,行/verb,2
居/verb,無/verb,2
無/verb,居/verb,2
謂/verb,好/verb,2
謂/verb,學/noun,2
好/verb,謂/verb,2
學/noun,謂/verb,2
以/verb,曰/verb,2
曰/verb,以/verb,2
思/verb,無/verb,2
無/verb,思/verb,2
立/verb,知/verb,2
知/verb,立/verb,2
事/noun,以/verb,2
以/verb,事/noun,2
道/noun,政/noun,2
政/noun,道/noun,2
道/noun,德/noun,2
德/noun,道/noun,2
日/noun,如/verb,2
如/verb,日/noun,2
言/noun,後/noun,2
言/noun,從/verb,2
後/noun,言/noun,2
從/verb,言/noun,2
學/verb,思/verb,2
思/verb,學/verb,2
直/verb,則/adv,2
則/adv,直/verb,2
則/adv,敬/verb,2
敬/verb,則/adv,2
善/verb,則/adv,2
則/adv,善/verb,2
人/noun,信/verb,2
信/verb,人/noun,2
信/verb,知/verb,2
知/verb,信/verb,2
無/verb,何/adv,2
何/adv,無/verb,2
政/noun,亦/adv,2
亦/adv,政/noun,2
見/verb,義/noun,2
義/noun,見/verb,2
為/verb,勇/noun,2
勇/noun,為/verb,2
仁/verb,禮/noun,2
禮/noun,仁/verb,2
禮/noun,人/noun,2
人/noun,禮/noun,2
仁/verb,樂/noun,2
樂/noun,仁/verb,2
有/verb,君/noun,2
君/noun,有/verb,2
大/verb,問/verb,2
大/verb,禮/noun,2
問/verb,大/verb,2
禮/noun,大/verb,2
禮/noun,後/noun,2
後/noun,禮/noun,2
無/verb,必/adv,2
必/adv,無/verb,2
知/verb,說/verb,2
說/verb,知/verb,2
子/noun,知/verb,2
知/verb,子/noun,2
君/noun,禮/noun,2
禮/noun,君/noun,2
君/noun,使/verb,2
使/verb,君/noun,2
臣/noun,禮/noun,2
禮/noun,臣/noun,2
至/verb,未/adv,2
未/adv,至/verb,2
上/noun,為/verb,2
為/verb,上/noun,2
子/noun,何/adv,2
何/adv,子/noun,2
道/noun,天/noun,2
天/noun,道/noun,2
天/noun,以/verb,2
以/verb,天/noun,2
仁/verb,好/verb,2
好/verb,仁/verb,2
好/verb,惡/verb,2
惡/verb,好/verb,2
仁/noun,惡/noun,2
惡/noun,仁/noun,2
仁/verb,以/verb,2
以/verb,仁/verb,2
邦/noun,君/noun,2
君/noun,邦/noun,2
邦/noun,為/verb,2
為/verb,邦/noun,2
士/noun,志/noun,2
志/noun,士/noun,2
志/noun,道/noun,2
道/noun,志/noun,2
道/noun,惡/verb,2
惡/verb,道/noun,2
君子/noun,天/noun,2
天/noun,君子/noun,2
君子/noun,德/noun,2
德/noun,君子/noun,2
好/verb,惡/noun,2
惡/noun,好/verb,2
惡/noun,仁/verb,2
仁/verb,惡/noun,2
惡/noun,為/verb,2
仁/verb,為/verb,2
為/verb,惡/noun,2
為/verb,仁/verb,2
為/verb,使/verb,2
使/verb,為/verb,2
日/noun,用/verb,2
用/verb,日/noun,2
用/verb,仁/noun,2
仁/noun,用/verb,2
知/verb,求/verb,2
求/verb,知/verb,2
人/noun,欲/verb,2
欲/verb,人/noun,2
仁/noun,成/verb,2
成/verb,仁/noun,2
見/verb,從/verb,2
從/verb,見/verb,2
父/noun,年/noun,2
年/noun,父/noun,2
人/noun,仁/noun,2
仁/noun,人/noun,2
非/adv,及/verb,2
及/verb,非/adv,2
以/verb,謂/verb,2
謂/verb,以/verb,2
言/noun,信/verb,2
信/verb,言/noun,2
學/noun,下/noun,2
下/noun,學/noun,2
問/verb,謂/verb,2
謂/verb,問/verb,2
夫子/noun,言/noun,2
言/noun,夫子/noun,2
未/adv,焉/adv,2
知/verb,得/verb,2
焉/adv,未/adv,2
得/verb,知/verb,2
上/noun,敬/verb,2
敬/verb,上/noun,2
曰/verb,大/verb,2
大/verb,曰/verb,2
見/verb,過/noun,2
過/noun,見/verb,2
敬/verb,行/verb,2
行/verb,敬/verb,2
民/noun,亦/adv,2
亦/adv,民/noun,2
命/noun,死/verb,2
命/noun,今/noun,2
死/verb,命/noun,2
死/verb,今/noun,2
死/verb,則/adv,2
今/noun,命/noun,2
今/noun,死/verb,2
則/adv,死/verb,2
未/adv,聞/verb,2
聞/verb,未/adv,2
聞/verb,學/noun,2
學/noun,聞/verb,2
求/verb,使/verb,2
使/verb,求/verb,2
達/verb,政/noun,2
政/noun,達/verb,2
命/noun,有/verb,2
有/verb,命/noun,2
得/verb,人/noun,2
人/noun,得/verb,2
曰/verb,非/adv,2
非/adv,曰/verb,2
由/verb,何/adv,2
何/adv,由/verb,2
何/adv,莫/adv,2
莫/adv,何/adv,2
事/noun,未/adv,2
未/adv,事/noun,2
遠/verb,謂/verb,2
謂/verb,遠/verb,2
謂/verb,知/verb,2
知/verb,謂/verb,2
先/noun,後/noun,2
後/noun,先/noun,2
文/noun,則/adv,2
則/adv,文/noun,2
然/verb,君子/noun,2
後/noun,君子/noun,2
君子/noun,然/verb,2
君子/noun,後/noun,2
中/noun,人/noun,2
中/noun,以/verb,2
人/noun,中/noun,2
人/noun,上/noun,2
以/verb,中/noun,2
上/noun,人/noun,2
為/verb,至/verb,2
至/verb,為/verb,2
仁/noun,必/adv,2
必/adv,仁/noun,2
仁/verb,立/verb,2
立/verb,仁/verb,2
立/verb,人/noun,2
人/noun,立/verb,2
用/verb,則/adv,2
則/adv,用/verb,2
士/noun,為/verb,2
為/verb,士/noun,2
從/verb,好/verb,2
好/verb,從/verb,2
無/verb,與/verb,2
與/verb,無/verb,2
與/verb,必/adv,2
必/adv,與/verb,2
必/adv,事/noun,2
事/noun,必/adv,2
事/noun,好/verb,2
好/verb,事/noun,2
年/noun,學/verb,2
學/verb,年/noun,2
天/noun,德/noun,2
德/noun,天/noun,2
樂/noun,亦/adv,2
亦/adv,樂/noun,2
曰/verb,為/verb,2
為/verb,曰/verb,2
見/verb,君子/noun,2
君子/noun,見/verb,2
仁/noun,遠/verb,2
遠/verb,仁/noun,2
仁/noun,至/verb,2
至/verb,仁/noun,2
有/verb,過/noun,2
過/noun,有/verb,2
必/adv,知/verb,2
知/verb,必/adv,2
無/verb,聞/verb,2
聞/verb,無/verb,2
見/verb,知/verb,2
知/verb,見/verb,2
善/verb,見/verb,2
見/verb,善/verb,2
有/verb,可/verb,2
可/verb,有/verb,2
難/verb,有/verb,2
有/verb,難/verb,2
未/adv,得/verb,2
有/verb,得/verb,2
得/verb,未/adv,2
得/verb,有/verb,2
上/noun,下/noun,2
下/noun,上/noun,2
亦/adv,君/noun,2
君/noun,亦/adv,2
謂/verb,君/noun,2
君/noun,謂/verb,2
君/noun,知/verb,2
知/verb,君/noun,2
無/verb,得/verb,2
得/verb,無/verb,2
命/noun,大/verb,2
大/verb,命/noun,2
今/noun,後/noun,2
後/noun,今/noun,2
後/noun,知/verb,2
知/verb,後/noun,2
問/verb,多/verb,2
以/verb,多/verb,2
多/verb,問/verb,2
多/verb,以/verb,2
禮/noun,成/verb,2
成/verb,禮/noun,2
使/verb,由/verb,2
由/verb,使/verb,2
由/verb,知/verb,2
知/verb,由/verb,2
勇/noun,禮/noun,2
禮/noun,勇/noun,2
民/noun,仁/noun,2
仁/noun,民/noun,2
死/verb,善/verb,2
善/verb,死/verb,2
信/verb,出/verb,2
出/verb,信/verb,2
士/noun,以/verb,2
以/verb,士/noun,2
死/verb,後/noun,2
後/noun,死/verb,2
學/verb,如/verb,2
如/verb,學/verb,2
信/verb,學/noun,2
學/noun,信/verb,2
邦/noun,居/verb,2
居/verb,邦/noun,2
道/noun,見/verb,2
見/verb,道/noun,2
見/verb,無/verb,2
無/verb,見/verb,2
天/noun,為/verb,2
天/noun,大/verb,2
為/verb,天/noun,2
大/verb,天/noun,2
有/verb,成/verb,2
成/verb,有/verb,2
有/verb,文/noun,2
文/noun,有/verb,2
無/verb,然/verb,2
然/verb,無/verb,2
禮/noun,今/noun,2
今/noun,禮/noun,2
下/noun,禮/noun,2
禮/noun,下/noun,2
多/verb,事/noun,2
事/noun,多/verb,2
君子/noun,多/verb,2
多/verb,君子/noun,2
文/noun,天/noun,2
天/noun,文/noun,2
文/noun,死/verb,2
死/verb,文/noun,2
文/noun,未/adv,2
未/adv,文/noun,2
君子/noun,何/adv,2
何/adv,君子/noun,2
見/verb,德/noun,2
德/noun,見/verb,2
如/verb,色/noun,2
好/verb,色/noun,2
色/noun,如/verb,2
色/noun,好/verb,2
無/verb,臣/noun,2
臣/noun,無/verb,2
雖/adv,從/verb,2
從/verb,雖/adv,2
思/verb,遠/verb,2
遠/verb,思/verb,2
與/verb,學/verb,2
學/verb,與/verb,2
道/noun,未/adv,2
未/adv,道/noun,2
未/adv,立/verb,2
立/verb,未/adv,2
樂/noun,人/noun,2
人/noun,樂/noun,2
禮/noun,君子/noun,2
君子/noun,禮/noun,2
君子/noun,如/verb,2
如/verb,君子/noun,2
則/adv,從/verb,2
從/verb,則/adv,2
未/adv,事/verb,2
事/verb,未/adv,2
得/verb,死/verb,2
死/verb,得/verb,2
言/verb,子/noun,2
子/noun,言/verb,2
行/verb,為/verb,2
為/verb,行/verb,2
為/verb,死/verb,2
死/verb,為/verb,2
有/verb,父/noun,2
父/noun,有/verb,2
由/verb,人/noun,2
人/noun,由/verb,2
謂/verb,大/verb,2
大/verb,謂/verb,2
行/verb,曰/verb,2
子/noun,有/verb,2
曰/verb,行/verb,2
有/verb,子/noun,2
求/verb,問/verb,2
問/verb,求/verb,2
居/verb,則/adv,2
則/adv,居/verb,2
然/verb,為/verb,2
後/noun,為/verb,2
為/verb,然/verb,2
為/verb,後/noun,2
求/verb,謂/verb,2
謂/verb,求/verb,2
今/noun,求/verb,2
求/verb,今/noun,2
由/verb,為/verb,2
為/verb,由/verb,2
為/verb,及/verb,2
及/verb,為/verb,2
及/verb,年/noun,2
及/verb,使/verb,2
年/noun,及/verb,2
年/noun,使/verb,2
使/verb,及/verb,2
使/verb,年/noun,2
使/verb,有/verb,2
有/verb,使/verb,2
勇/noun,知/verb,2
知/verb,勇/noun,2
民/noun,如/verb,2
如/verb,民/noun,2
夫子/noun,由/verb,2
由/verb,夫子/noun,2
求/verb,非/adv,2
則/adv,非/adv,2
非/adv,求/verb,2
非/adv,則/adv,2
如/verb,邦/noun,2
邦/noun,如/verb,2
言/noun,謂/verb,2
謂/verb,言/noun,2
下/noun,仁/noun,2
仁/noun,下/noun,2
如/verb,大/verb,2
大/verb,如/verb,2
大/verb,使/verb,2
使/verb,大/verb,2
文/noun,為/verb,2
為/verb,文/noun,2
行/verb,謂/verb,2
謂/verb,行/verb,2
在/verb,君子/noun,2
君子/noun,在/verb,2
無/verb,失/verb,2
失/verb,無/verb,2
夫子/noun,君子/noun,2
君子/noun,夫子/noun,2
以/verb,正/verb,2
正/verb,以/verb,2
謂/verb,達/verb,2
達/verb,謂/verb,2
欲/verb,惡/verb,2
惡/verb,欲/verb,2
使/verb,直/verb,2
直/verb,使/verb,2
善/verb,民/noun,2
民/noun,善/verb,2
見/verb,夫子/noun,2
夫子/noun,見/verb,2
非/adv,達/verb,2
達/verb,非/adv,2
必/adv,達/verb,2
達/verb,必/adv,2
正/verb,行/verb,2
行/verb,正/verb,2
行/verb,身/noun,2
身/noun,行/verb,2
以/verb,達/verb,2
達/verb,以/verb,2
年/noun,亦/adv,2
亦/adv,年/noun,2
必/adv,後/noun,2
後/noun,必/adv,2
上/noun,禮/noun,2
禮/noun,上/noun,2
莫/adv,上/noun,2
上/noun,莫/adv,2
雖/adv,以/verb,2
以/verb,雖/adv,2
正/verb,如/verb,2
如/verb,正/verb,2
言/noun,則/adv,2
則/adv,言/noun,2
則/adv,成/verb,2
成/verb,則/adv,2
君子/noun,必/adv,2
必/adv,君子/noun,2
見/verb,小/verb,2
小/verb,見/verb,2
達/verb,小/verb,2
小/verb,達/verb,2
君/noun,難/verb,2
難/verb,君/noun,2
臣/noun,如/verb,2
如/verb,臣/noun,2
事/noun,人/noun,2
人/noun,事/noun,2
人/noun,雖/adv,2
雖/adv,人/noun,2
今/noun,從/verb,2
今/noun,政/noun,2
從/verb,今/noun,2
政/noun,今/noun,2
言/verb,信/verb,2
必/adv,信/verb,2
信/verb,言/verb,2
信/verb,必/adv,2
善/verb,好/verb,2
好/verb,善/verb,2
難/verb,則/adv,2
則/adv,難/verb,2
事/noun,難/verb,2
難/verb,事/noun,2
難/verb,說/verb,2
說/verb,難/verb,2
道/noun,使/verb,2
說/verb,使/verb,2
說/verb,人/noun,2
使/verb,道/noun,2
使/verb,說/verb,2
人/noun,說/verb,2
小/verb,難/verb,2
人/noun,難/verb,2
難/verb,小/verb,2
難/verb,人/noun,2
說/verb,雖/adv,2
雖/adv,說/verb,2
雖/adv,道/noun,2
道/noun,雖/adv,2
道/noun,言/noun,2
言/noun,道/noun,2
有/verb,小/verb,2
小/verb,有/verb,2
必/adv,勇/noun,2
勇/noun,必/adv,2
為/verb,成/verb,2
成/verb,為/verb,2
言/noun,亦/adv,2
亦/adv,言/noun,2
君子/noun,上/noun,2
上/noun,君子/noun,2
學/noun,今/noun,2
今/noun,學/noun,2
學/noun,人/noun,2
人/noun,學/noun,2
君子/noun,思/verb,2
思/verb,君子/noun,2
莫/adv,子/noun,2
子/noun,莫/adv,2
德/noun,怨/verb,2
怨/verb,德/noun,2
人/noun,然/verb,2
然/verb,人/noun,2
事/noun,學/verb,2
學/verb,事/noun,2
見/verb,居/verb,2
居/verb,見/verb,2
行/verb,求/verb,2
求/verb,行/verb,2
言/verb,失/verb,2
失/verb,言/verb,2
士/noun,人/noun,2
人/noun,士/noun,2
敬/verb,雖/adv,2
雖/adv,敬/verb,2
行/verb,立/verb,2
立/verb,行/verb,2
君子/noun,求/verb,2
君子/noun,小/verb,2
求/verb,君子/noun,2
求/verb,小/verb,2
小/verb,君子/noun,2
小/verb,求/verb,2
以/verb,出/verb,2
出/verb,以/verb,2
道/noun,非/adv,2
非/adv,道/noun,2
直/verb,道/noun,2
道/noun,直/verb,2
在/verb,學/noun,2
學/noun,在/verb,2
見/verb,死/verb,2
死/verb,見/verb,2
欲/verb,臣/noun,2
臣/noun,欲/verb,2
得/verb,失/verb,2
失/verb,得/verb,2
禮/noun,未/adv,2
未/adv,禮/noun,2
政/noun,大/verb,2
大/verb,政/noun,2
樂/noun,道/noun,2
道/noun,樂/noun,2
及/verb,言/verb,2
及/verb,謂/verb,2
言/verb,及/verb,2
謂/verb,及/verb,2
知/verb,學/verb,2
學/verb,知/verb,2
為/verb,下/noun,2
下/noun,為/verb,2
道/noun,禮/noun,2
禮/noun,道/noun,2
天/noun,出/verb,2
出/verb,天/noun,2
有/verb,聞/verb,2
聞/verb,有/verb,2
夫子/noun,人/noun,2
人/noun,夫子/noun,2
邦/noun,謂/verb,2
謂/verb,邦/noun,2
人/noun,聞/verb,2
聞/verb,人/noun,2
思/verb,色/noun,2
色/noun,思/verb,2
思/verb,言/noun,2
言/noun,思/verb,2
思/verb,事/noun,2
事/noun,思/verb,2
見/verb,得/verb,2
得/verb,見/verb,2
得/verb,思/verb,2
得/verb,義/noun,2
思/verb,得/verb,2
義/noun,得/verb,2
夫子/noun,曰/verb,2
曰/verb,夫子/noun,2
學/verb,道/noun,2
道/noun,學/verb,2
由/verb,聞/verb,2
聞/verb,由/verb,2
曰/verb,禮/noun,2
禮/noun,曰/verb,2
則/adv,得/verb,2
得/verb,則/adv,2
何/adv,學/verb,2
學/verb,何/adv,2
事/verb,遠/verb,2
遠/verb,事/verb,2
天/noun,言/verb,2
言/verb,天/noun,2
君子/noun,勇/noun,2
勇/noun,君子/noun,2
日/noun,無/verb,2
無/verb,日/noun,2
亦/adv,惡/noun,2
惡/noun,亦/adv,2
勇/noun,義/noun,2
義/noun,勇/noun,2
禮/noun,必/adv,2
必/adv,禮/noun,2
樂/noun,必/adv,2
必/adv,樂/noun,2
志/noun,身/noun,2
身/noun,志/noun,2
身/noun,言/verb,2
身/noun,中/noun,2
言/verb,身/noun,2
言/verb,中/noun,2
中/noun,身/noun,2
中/noun,言/verb,2
曰/verb,可/verb,2
可/verb,曰/verb,2
信/verb,後/noun,2
後/noun,信/verb,2
則/adv,為/verb,2
為/verb,則/adv,2
焉/adv,學/verb,2
學/verb,焉/adv,2
敬/verb,信/verb,1
事/noun,信/verb,1
信/verb,敬/verb,1
信/verb,事/noun,1
信/verb,用/verb,1
用/verb,信/verb,1
用/verb,人/noun,1
人/noun,用/verb,1
亦/adv,說/verb,1
說/verb,亦/adv,1
說/verb,有/verb,1
有/verb,說/verb,1
知/verb,亦/adv,1
亦/adv,知/verb,1
身/noun,人/noun,1
人/noun,身/noun,1
遠/verb,民/noun,1
遠/verb,德/noun,1
民/noun,遠/verb,1
德/noun,遠/verb,1
立/verb,道/noun,1
道/noun,立/verb,1
夫子/noun,至/verb,1
至/verb,夫子/noun,1
至/verb,必/adv,1
必/adv,至/verb,1
聞/verb,政/noun,1
政/noun,聞/verb,1
政/noun,求/verb,1
求/verb,政/noun,1
求/verb,與/verb,1
與/verb,求/verb,1
賢/verb,色/noun,1
色/noun,賢/verb,1
色/noun,事/verb,1
色/noun,父/noun,1
事/verb,色/noun,1
父/noun,色/noun,1
君/noun,身/noun,1
身/noun,君/noun,1
雖/adv,未/adv,1
未/adv,雖/adv,1
未/adv,必/adv,1
必/adv,未/adv,1
必/adv,謂/verb,1
謂/verb,必/adv,1
在/verb,志/noun,1
志/noun,在/verb,1
志/noun,父/noun,1
父/noun,志/noun,1
禮/noun,遠/verb,1
遠/verb,禮/noun,1
云/verb,如/verb,1
如/verb,云/verb,1
為/verb,先/noun,1
先/noun,為/verb,1
先/noun,道/noun,1
道/noun,先/noun,1
道/noun,為/verb,1
為/verb,道/noun,1
小/verb,由/verb,1
大/verb,由/verb,1
大/verb,有/verb,1
由/verb,小/verb,1
由/verb,大/verb,1
由/verb,有/verb,1
由/verb,行/verb,1
有/verb,大/verb,1
有/verb,由/verb,1
行/verb,由/verb,1
亦/adv,行/verb,1
行/verb,亦/adv,1
事/noun,言/noun,1
言/noun,事/noun,1
道/noun,正/verb,1
正/verb,道/noun,1
正/verb,謂/verb,1
正/verb,好/verb,1
謂/verb,正/verb,1
好/verb,正/verb,1
曰/verb,思/verb,1
思/verb,曰/verb,1
政/noun,德/noun,1
德/noun,政/noun,1
有/verb,學/noun,1
學/noun,有/verb,1
學/noun,立/verb,1
立/verb,學/noun,1
命/noun,從/verb,1
從/verb,命/noun,1
從/verb,欲/verb,1
欲/verb,從/verb,1
事/noun,禮/noun,1
禮/noun,事/noun,1
今/noun,謂/verb,1
謂/verb,今/noun,1
謂/verb,至/verb,1
至/verb,謂/verb,1
有/verb,敬/verb,1
敬/verb,有/verb,1
言/verb,日/noun,1
日/noun,言/verb,1
以/verb,由/verb,1
由/verb,以/verb,1
先/noun,行/verb,1
先/noun,言/noun,1
行/verb,先/noun,1
言/noun,先/noun,1
後/noun,從/verb,1
從/verb,後/noun,1
色/noun,有/verb,1
有/verb,色/noun,1
有/verb,事/verb,1
事/verb,有/verb,1
使/verb,敬/verb,1
敬/verb,使/verb,1
直/verb,民/noun,1
民/noun,直/verb,1
信/verb,可/verb,1
知/verb,可/verb,1
可/verb,信/verb,1
可/verb,知/verb,1
可/verb,大/verb,1
大/verb,可/verb,1
何/adv,行/verb,1
行/verb,何/adv,1
見/verb,為/verb,1
為/verb,見/verb,1
雖/adv,知/verb,1
知/verb,雖/adv,1
問/verb,禮/noun,1
禮/noun,問/verb,1
事/noun,後/noun,1
後/noun,事/noun,1
為/verb,謂/verb,1
謂/verb,為/verb,1
與/verb,如/verb,1
如/verb,與/verb,1
說/verb,天/noun,1
說/verb,下/noun,1
天/noun,說/verb,1
天/noun,如/verb,1
下/noun,說/verb,1
下/noun,如/verb,1
如/verb,天/noun,1
如/verb,下/noun,1
文/noun,從/verb,1
從/verb,文/noun,1
謂/verb,人/noun,1
人/noun,謂/verb,1
子/noun,禮/noun,1
禮/noun,子/noun,1
事/noun,問/verb,1
問/verb,事/noun,1
事/verb,如/verb,1
如/verb,事/verb,1
禮/noun,事/verb,1
事/verb,禮/noun,1
君/noun,以/verb,1
以/verb,君/noun,1
成/verb,說/verb,1
說/verb,成/verb,1
說/verb,事/verb,1
事/verb,說/verb,1
事/noun,焉/adv,1
焉/adv,事/noun,1
君子/noun,至/verb,1
至/verb,君子/noun,1
曰/verb,使/verb,1
曰/verb,民/noun,1
使/verb,曰/verb,1
民/noun,曰/verb,1
居/verb,上/noun,1
上/noun,居/verb,1
為/verb,敬/verb,1
禮/noun,敬/verb,1
敬/verb,為/verb,1
敬/verb,禮/noun,1
君/noun,好/verb,1
好/verb,君/noun,1
好/verb,有/verb,1
有/verb,好/verb,1
死/verb,可/verb,1
可/verb,死/verb,1
過/noun,知/verb,1
過/noun,仁/noun,1
知/verb,過/noun,1
仁/noun,過/noun,1
士/noun,道/noun,1
道/noun,士/noun,1
惡/verb,未/adv,1
未/adv,惡/verb,1
行/verb,多/verb,1
多/verb,行/verb,1
無/verb,莫/adv,1
莫/adv,無/verb,1
莫/adv,義/noun,1
莫/adv,與/verb,1
義/noun,莫/adv,1
義/noun,與/verb,1
與/verb,莫/adv,1
與/verb,義/noun,1
好/verb,無/verb,1
無/verb,好/verb,1
仁/noun,使/verb,1
使/verb,仁/noun,1
使/verb,仁/verb,1
仁/verb,使/verb,1
仁/verb,身/noun,1
身/noun,仁/verb,1
有/verb,日/noun,1
日/noun,有/verb,1
仁/noun,未/adv,1
未/adv,仁/noun,1
立/verb,莫/adv,1
莫/adv,立/verb,1
莫/adv,求/verb,1
求/verb,莫/adv,1
欲/verb,以/verb,1
欲/verb,道/noun,1
以/verb,欲/verb,1
道/noun,欲/verb,1
得/verb,君子/noun,1
君子/noun,得/verb,1
君子/noun,仁/noun,1
仁/noun,君子/noun,1
義/noun,小/verb,1
義/noun,人/noun,1
小/verb,義/noun,1
人/noun,義/noun,1
見/verb,賢/verb,1
賢/verb,見/verb,1
在/verb,遠/verb,1
遠/verb,在/verb,1
言/verb,出/verb,1
出/verb,言/verb,1
以/verb,失/verb,1
失/verb,以/verb,1
見/verb,志/noun,1
志/noun,見/verb,1
志/noun,從/verb,1
從/verb,志/noun,1
從/verb,敬/verb,1
敬/verb,從/verb,1
年/noun,知/verb,1
年/noun,則/adv,1
知/verb,年/noun,1
則/adv,年/noun,1
雖/adv,在/verb,1
在/verb,雖/adv,1
中/noun,非/adv,1
非/adv,中/noun,1
無/verb,焉/adv,1
焉/adv,無/verb,1
從/verb,與/verb,1
與/verb,從/verb,1
立/verb,使/verb,1
使/verb,立/verb,1
言/verb,知/verb,1
言/verb,仁/noun,1
知/verb,言/verb,1
仁/noun,言/verb,1
信/verb,今/noun,1
今/noun,信/verb,1
下/noun,問/verb,1
問/verb,下/noun,1
夫子/noun,文/noun,1
文/noun,夫子/noun,1
文/noun,得/verb,1
得/verb,文/noun,1
聞/verb,言/noun,1
言/noun,聞/verb,1
言/noun,天/noun,1
天/noun,言/noun,1
天/noun,得/verb,1
得/verb,天/noun,1
行/verb,事/noun,1
事/noun,行/verb,1
事/noun,上/noun,1
上/noun,事/noun,1
使/verb,義/noun,1
義/noun,使/verb,1
惡/verb,怨/verb,1
惡/verb,用/verb,1
怨/verb,惡/verb,1
怨/verb,用/verb,1
用/verb,惡/verb,1
用/verb,怨/verb,1
成/verb,知/verb,1
知/verb,成/verb,1
道/noun,知/verb,1
知/verb,道/noun,1
知/verb,邦/noun,1
邦/noun,知/verb,1
必/adv,以/verb,1
以/verb,必/adv,1
聞/verb,志/noun,1
志/noun,聞/verb,1
至/verb,則/adv,1
邦/noun,曰/verb,1
則/adv,至/verb,1
曰/verb,邦/noun,1
怨/verb,人/noun,1
人/noun,怨/verb,1
以/verb,與/verb,1
與/verb,以/verb,1
居/verb,敬/verb,1
敬/verb,居/verb,1
民/noun,可/verb,1
亦/adv,可/verb,1
亦/adv,居/verb,1
可/verb,民/noun,1
可/verb,亦/adv,1
可/verb,居/verb,1
居/verb,亦/adv,1
居/verb,可/verb,1
雖/adv,用/verb,1
用/verb,雖/adv,1
則/adv,日/noun,1
日/noun,則/adv,1
日/noun,至/verb,1
至/verb,日/noun,1
聞/verb,好/verb,1
好/verb,聞/verb,1
達/verb,從/verb,1
從/verb,達/verb,1
非/adv,說/verb,1
說/verb,非/adv,1
說/verb,子/noun,1
子/noun,說/verb,1
子/noun,道/noun,1
道/noun,子/noun,1
命/noun,人/noun,1
人/noun,命/noun,1
則/adv,必/adv,1
必/adv,則/adv,1
中/noun,道/noun,1
道/noun,中/noun,1
道/noun,今/noun,1
今/noun,道/noun,1
樂/noun,賢/verb,1
賢/verb,樂/noun,1
出/verb,由/verb,1
由/verb,出/verb,1
莫/adv,由/verb,1
莫/adv,道/noun,1
由/verb,莫/adv,1
由/verb,道/noun,1
道/noun,莫/adv,1
道/noun,由/verb,1
由/verb,非/adv,1
非/adv,由/verb,1
非/adv,事/noun,1
事/noun,非/adv,1
難/verb,今/noun,1
今/noun,難/verb,1
人/noun,直/verb,1
直/verb,人/noun,1
義/noun,敬/verb,1
敬/verb,義/noun,1
遠/verb,知/verb,1
知/verb,遠/verb,1
仁/verb,先/noun,1
仁/verb,難/verb,1
先/noun,仁/verb,1
先/noun,難/verb,1
難/verb,仁/verb,1
難/verb,先/noun,1
難/verb,後/noun,1
後/noun,難/verb,1
後/noun,謂/verb,1
謂/verb,後/noun,1
上/noun,中/noun,1
中/noun,上/noun,1
至/verb,道/noun,1
道/noun,至/verb,1
仁/verb,雖/adv,1
雖/adv,仁/verb,1
有/verb,從/verb,1
仁/noun,從/verb,1
從/verb,有/verb,1
從/verb,仁/noun,1
中/noun,為/verb,1
為/verb,中/noun,1
為/verb,德/noun,1
德/noun,為/verb,1
德/noun,至/verb,1
至/verb,德/noun,1
至/verb,民/noun,1
民/noun,至/verb,1
德/noun,學/noun,1
學/noun,德/noun,1
聞/verb,義/noun,1
義/noun,聞/verb,1
義/noun,善/verb,1
善/verb,義/noun,1
德/noun,仁/noun,1
仁/noun,德/noun,1
事/verb,仁/noun,1
事/verb,必/adv,1
仁/noun,事/verb,1
必/adv,事/verb,1
立/verb,達/verb,1
達/verb,立/verb,1
上/noun,未/adv,1
未/adv,上/noun,1
未/adv,無/verb,1
無/verb,未/adv,1
用/verb,行/verb,1
行/verb,用/verb,1
樂/noun,至/verb,1
至/verb,樂/noun,1
求/verb,雖/adv,1
雖/adv,求/verb,1
士/noun,亦/adv,1
亦/adv,士/noun,1
求/verb,好/verb,1
好/verb,求/verb,1
好/verb,成/verb,1
成/verb,好/verb,1
求/verb,仁/noun,1
仁/noun,求/verb,1
仁/noun,何/adv,1
何/adv,仁/noun,1
何/adv,怨/verb,1
怨/verb,何/adv,1
無/verb,過/noun,1
大/verb,過/noun,1
過/noun,無/verb,1
過/noun,大/verb,1
非/adv,知/verb,1
知/verb,非/adv,1
從/verb,善/verb,1
善/verb,從/verb,1
樂/noun,在/verb,1
亦/adv,在/verb,1
亦/adv,中/noun,1
在/verb,樂/noun,1
在/verb,亦/adv,1
中/noun,亦/adv,1
至/verb,云/verb,1
云/verb,至/verb,1
見/verb,可/verb,1
君子/noun,可/verb,1
可/verb,見/verb,1
可/verb,君子/noun,1
無/verb,子/noun,1
子/noun,無/verb,1
遠/verb,欲/verb,1
欲/verb,遠/verb,1
過/noun,必/adv,1
必/adv,過/noun,1
無/verb,多/verb,1
多/verb,無/verb,1
從/verb,多/verb,1
多/verb,從/verb,1
可/verb,為/verb,1
為/verb,可/verb,1
文/noun,莫/adv,1
莫/adv,文/noun,1
莫/adv,人/noun,1
人/noun,莫/adv,1
曰/verb,上/noun,1
上/noun,曰/verb,1
則/adv,謂/verb,1
則/adv,云/verb,1
謂/verb,則/adv,1
謂/verb,云/verb,1
云/verb,則/adv,1
云/verb,謂/verb,1
民/noun,得/verb,1
得/verb,民/noun,1
今/noun,知/verb,1
知/verb,今/noun,1
從/verb,事/verb,1
事/verb,從/verb,1
立/verb,禮/noun,1
立/verb,成/verb,1
禮/noun,立/verb,1
成/verb,立/verb,1
成/verb,樂/noun,1
樂/noun,成/verb,1
民/noun,由/verb,1
由/verb,民/noun,1
使/verb,知/verb,1
知/verb,使/verb,1
則/adv,勇/noun,1
勇/noun,則/adv,1
直/verb,無/verb,1
直/verb,禮/noun,1
無/verb,直/verb,1
禮/noun,直/verb,1
年/noun,至/verb,1
學/verb,至/verb,1
至/verb,年/noun,1
至/verb,學/verb,1
人/noun,死/verb,1
死/verb,人/noun,1
死/verb,言/noun,1
言/noun,死/verb,1
言/noun,善/verb,1
善/verb,言/noun,1
正/verb,色/noun,1
色/noun,正/verb,1
色/noun,信/verb,1
信/verb,色/noun,1
道/noun,遠/verb,1
道/noun,仁/verb,1
遠/verb,道/noun,1
遠/verb,以/verb,1
仁/verb,道/noun,1
以/verb,遠/verb,1
亦/adv,死/verb,1
死/verb,亦/adv,1
後/noun,亦/adv,1
亦/adv,後/noun,1
亦/adv,遠/verb,1
遠/verb,亦/adv,1
學/verb,及/verb,1
及/verb,學/verb,1
臣/noun,人/noun,1
人/noun,臣/noun,1
學/verb,成/verb,1
無/verb,成/verb,1
成/verb,學/verb,1
成/verb,無/verb,1
難/verb,然/verb,1
然/verb,難/verb,1
學/noun,死/verb,1
死/verb,學/noun,1
善/verb,道/noun,1
道/noun,善/verb,1
邦/noun,天/noun,1
居/verb,天/noun,1
天/noun,邦/noun,1
天/noun,居/verb,1
夫子/noun,多/verb,1
多/verb,夫子/noun,1
子/noun,云/verb,1
云/verb,子/noun,1
下/noun,今/noun,1
今/noun,下/noun,1
今/noun,上/noun,1
上/noun,今/noun,1
上/noun,雖/adv,1
雖/adv,上/noun,1
從/verb,下/noun,1
下/noun,從/verb,1
至/verb,出/verb,1
出/verb,至/verb,1
文/noun,在/verb,1
在/verb,文/noun,1
文/noun,後/noun,1
後/noun,文/noun,1
後/noun,與/verb,1
死/verb,與/verb,1
與/verb,後/noun,1
與/verb,死/verb,1
與/verb,文/noun,1
與/verb,天/noun,1
文/noun,與/verb,1
天/noun,與/verb,1
天/noun,未/adv,1
未/adv,天/noun,1
文/noun,人/noun,1
人/noun,文/noun,1
求/verb,善/verb,1
善/verb,求/verb,1
有/verb,夫/noun,1
夫/noun,有/verb,1
夫/noun,問/verb,1
問/verb,夫/noun,1
居/verb,何/adv,1
何/adv,居/verb,1
天/noun,死/verb,1
死/verb,天/noun,1
死/verb,臣/noun,1
臣/noun,死/verb,1
得/verb,大/verb,1
大/verb,得/verb,1
大/verb,死/verb,1
死/verb,大/verb,1
出/verb,事/verb,1
事/verb,出/verb,1
則/adv,父/noun,1
父/noun,則/adv,1
事/noun,為/verb,1
為/verb,事/noun,1
焉/adv,在/verb,1
焉/adv,後/noun,1
在/verb,焉/adv,1
在/verb,後/noun,1
在/verb,夫子/noun,1
後/noun,焉/adv,1
後/noun,在/verb,1
後/noun,夫子/noun,1
夫子/noun,在/verb,1
夫子/noun,後/noun,1
然/verb,善/verb,1
善/verb,然/verb,1
如/verb,立/verb,1
有/verb,立/verb,1
立/verb,如/verb,1
立/verb,有/verb,1
立/verb,雖/adv,1
雖/adv,立/verb,1
從/verb,由/verb,1
由/verb,從/verb,1
如/verb,今/noun,1
今/noun,如/verb,1
今/noun,無/verb,1
今/noun,聞/verb,1
無/verb,今/noun,1
聞/verb,今/noun,1
聞/verb,亦/adv,1
亦/adv,聞/verb,1
為/verb,未/adv,1
未/adv,為/verb,1
未/adv,成/verb,1
成/verb,未/adv,1
道/noun,何/adv,1
何/adv,道/noun,1
夫/noun,志/noun,1
志/noun,夫/noun,1
仁/noun,勇/noun,1
勇/noun,仁/noun,1
然/verb,知/verb,1
知/verb,然/verb,1
立/verb,由/verb,1
由/verb,立/verb,1
由/verb,求/verb,1
求/verb,由/verb,1
求/verb,用/verb,1
用/verb,求/verb,1
無/verb,從/verb,1
從/verb,無/verb,1
從/verb,為/verb,1
為/verb,從/verb,1
為/verb,說/verb,1
說/verb,為/verb,1
說/verb,從/verb,1
從/verb,說/verb,1
未/adv,達/verb,1
達/verb,未/adv,1
未/adv,思/verb,1
未/adv,何/adv,1
思/verb,未/adv,1
思/verb,何/adv,1
何/adv,未/adv,1
何/adv,思/verb,1
何/adv,遠/verb,1
遠/verb,何/adv,1
非/adv,言/noun,1
言/noun,非/adv,1
言/noun,說/verb,1
無/verb,說/verb,1
說/verb,言/noun,1
說/verb,無/verb,1
人/noun,父/noun,1
父/noun,人/noun,1
先/noun,禮/noun,1
禮/noun,先/noun,1
樂/noun,君子/noun,1
君子/noun,樂/noun,1
君子/noun,用/verb,1
用/verb,君子/noun,1
用/verb,從/verb,1
則/adv,先/noun,1
從/verb,用/verb,1
從/verb,先/noun,1
先/noun,則/adv,1
先/noun,從/verb,1
有/verb,非/adv,1
非/adv,有/verb,1
非/adv,夫/noun,1
夫/noun,非/adv,1
夫/noun,為/verb,1
為/verb,夫/noun,1
由/verb,得/verb,1
由/verb,死/verb,1
得/verb,由/verb,1
得/verb,然/verb,1
死/verb,由/verb,1
死/verb,然/verb,1
然/verb,得/verb,1
然/verb,死/verb,1
如/verb,何/adv,1
如/verb,必/adv,1
何/adv,如/verb,1
必/adv,如/verb,1
夫/noun,言/verb,1
言/verb,夫/noun,1
必/adv,中/noun,1
有/verb,中/noun,1
中/noun,必/adv,1
中/noun,有/verb,1
君子/noun,色/noun,1
色/noun,君子/noun,1
以/verb,死/verb,1
死/verb,以/verb,1
在/verb,如/verb,1
如/verb,在/verb,1
如/verb,聞/verb,1
聞/verb,如/verb,1
子/noun,在/verb,1
在/verb,子/noun,1
在/verb,何/adv,1
何/adv,在/verb,1
何/adv,死/verb,1
死/verb,何/adv,1
則/adv,中/noun,1
中/noun,則/adv,1
然/verb,從/verb,1
從/verb,然/verb,1
父/noun,君/noun,1
父/noun,亦/adv,1
君/noun,父/noun,1
君/noun,從/verb,1
亦/adv,父/noun,1
亦/adv,從/verb,1
從/verb,君/noun,1
從/verb,亦/adv,1
夫/noun,子/noun,1
子/noun,夫/noun,1
曰/verb,父/noun,1
父/noun,曰/verb,1
在/verb,求/verb,1
在/verb,問/verb,1
求/verb,在/verb,1
問/verb,在/verb,1
子/noun,聞/verb,1
聞/verb,子/noun,1
以/verb,日/noun,1
日/noun,以/verb,1
居/verb,曰/verb,1
曰/verb,居/verb,1
曰/verb,知/verb,1
知/verb,曰/verb,1
後/noun,學/noun,1
學/noun,後/noun,1
為/verb,問/verb,1
問/verb,為/verb,1
臣/noun,道/noun,1
道/noun,臣/noun,1
道/noun,君/noun,1
君/noun,道/noun,1
君/noun,則/adv,1
則/adv,君/noun,1
使/verb,勇/noun,1
勇/noun,使/verb,1
子/noun,言/noun,1
子/noun,如/verb,1
言/noun,子/noun,1
言/noun,如/verb,1
如/verb,子/noun,1
如/verb,言/noun,1
事/noun,如/verb,1
如/verb,事/noun,1
禮/noun,言/noun,1
言/noun,禮/noun,1
求/verb,則/adv,1
則/adv,求/verb,1
如/verb,非/adv,1
非/adv,如/verb,1
仁/verb,言/noun,1
言/noun,仁/verb,1
謂/verb,仁/verb,1
仁/verb,謂/verb,1
禮/noun,仁/noun,1
為/verb,日/noun,1
仁/noun,禮/noun,1
仁/noun,日/noun,1
日/noun,為/verb,1
日/noun,仁/noun,1
禮/noun,天/noun,1
天/noun,禮/noun,1
仁/noun,由/verb,1
由/verb,仁/noun,1
難/verb,言/verb,1
言/verb,難/verb,1
謂/verb,君子/noun,1
君子/noun,謂/verb,1
言/verb,非/adv,1
非/adv,言/verb,1
出/verb,如/verb,1
如/verb,出/verb,1
見/verb,大/verb,1
大/verb,見/verb,1
使/verb,如/verb,1
如/verb,使/verb,1
大/verb,欲/verb,1
欲/verb,大/verb,1
邦/noun,怨/verb,1
怨/verb,邦/noun,1
怨/verb,在/verb,1
在/verb,怨/verb,1
行/verb,遠/verb,1
遠/verb,行/verb,1
年/noun,用/verb,1
用/verb,年/noun,1
死/verb,民/noun,1
民/noun,死/verb,1
聞/verb,死/verb,1
死/verb,聞/verb,1
天/noun,敬/verb,1
君子/noun,敬/verb,1
敬/verb,天/noun,1
敬/verb,君子/noun,1
敬/verb,無/verb,1
敬/verb,失/verb,1
無/verb,敬/verb,1
失/verb,敬/verb,1
君子/noun,及/verb,1
及/verb,君子/noun,1
必/adv,使/verb,1
使/verb,必/adv,1
使/verb,無/verb,1
無/verb,使/verb,1
成/verb,惡/noun,1
惡/noun,成/verb,1
惡/noun,小/verb,1
小/verb,惡/noun,1
政/noun,正/verb,1
正/verb,政/noun,1
正/verb,子/noun,1
子/noun,正/verb,1
子/noun,欲/verb,1
子/noun,雖/adv,1
欲/verb,子/noun,1
欲/verb,雖/adv,1
雖/adv,子/noun,1
雖/adv,欲/verb,1
信/verb,義/noun,1
義/noun,信/verb,1
義/noun,德/noun,1
德/noun,義/noun,1
德/noun,欲/verb,1
欲/verb,德/noun,1
士/noun,如/verb,1
如/verb,士/noun,1
問/verb,德/noun,1
德/noun,問/verb,1
政/noun,焉/adv,1
政/noun,用/verb,1
焉/adv,政/noun,1
用/verb,政/noun,1
用/verb,善/verb,1
善/verb,用/verb,1
民/noun,君子/noun,1
善/verb,德/noun,1
君子/noun,民/noun,1
德/noun,善/verb,1
上/noun,必/adv,1
必/adv,上/noun,1
見/verb,問/verb,1
夫子/noun,問/verb,1
問/verb,見/verb,1
問/verb,夫子/noun,1
問/verb,子/noun,1
子/noun,問/verb,1
曰/verb,直/verb,1
直/verb,曰/verb,1
直/verb,謂/verb,1
謂/verb,直/verb,1
君子/noun,文/noun,1
文/noun,君子/noun,1
焉/adv,賢/verb,1
知/verb,賢/verb,1
賢/verb,焉/adv,1
賢/verb,知/verb,1
先/noun,有/verb,1
有/verb,先/noun,1
小/verb,過/noun,1
過/noun,小/verb,1
過/noun,賢/verb,1
賢/verb,過/noun,1
善/verb,問/verb,1
善/verb,先/noun,1
問/verb,善/verb,1
問/verb,先/noun,1
問/verb,事/verb,1
先/noun,善/verb,1
先/noun,問/verb,1
先/noun,事/verb,1
事/verb,問/verb,1
事/verb,先/noun,1
事/verb,後/noun,1
事/verb,得/verb,1
後/noun,事/verb,1
後/noun,得/verb,1
後/noun,非/adv,1
得/verb,事/verb,1
得/verb,後/noun,1
得/verb,非/adv,1
非/adv,後/noun,1
非/adv,得/verb,1
非/adv,德/noun,1
德/noun,非/adv,1
德/noun,惡/noun,1
惡/noun,德/noun,1
惡/noun,非/adv,1
非/adv,惡/noun,1
身/noun,及/verb,1
以/verb,及/verb,1
及/verb,身/noun,1
及/verb,以/verb,1
必/adv,正/verb,1
正/verb,必/adv,1
君/noun,子/noun,1
子/noun,君/noun,1
子/noun,先/noun,1
先/noun,子/noun,1
聞/verb,非/adv,1
非/adv,聞/verb,1
達/verb,直/verb,1
直/verb,達/verb,1
直/verb,義/noun,1
義/noun,直/verb,1
色/noun,以/verb,1
以/verb,色/noun,1
下/noun,在/verb,1
在/verb,下/noun,1
邦/noun,達/verb,1
達/verb,邦/noun,1
達/verb,在/verb,1
在/verb,達/verb,1
達/verb,色/noun,1
聞/verb,色/noun,1
色/noun,達/verb,1
色/noun,聞/verb,1
居/verb,在/verb,1
在/verb,居/verb,1
身/noun,雖/adv,1
正/verb,雖/adv,1
雖/adv,身/noun,1
雖/adv,正/verb,1
達/verb,使/verb,1
使/verb,達/verb,1
雖/adv,多/verb,1
雖/adv,亦/adv,1
多/verb,雖/adv,1
多/verb,亦/adv,1
亦/adv,雖/adv,1
亦/adv,多/verb,1
善/verb,居/verb,1
居/verb,善/verb,1
可/verb,年/noun,1
年/noun,可/verb,1
年/noun,成/verb,1
成/verb,年/noun,1
邦/noun,年/noun,1
邦/noun,亦/adv,1
年/noun,邦/noun,1
亦/adv,邦/noun,1
後/noun,仁/noun,1
仁/noun,後/noun,1
莫/adv,敬/verb,1
敬/verb,莫/adv,1
敬/verb,好/verb,1
上/noun,義/noun,1
好/verb,敬/verb,1
義/noun,上/noun,1
義/noun,則/adv,1
則/adv,義/noun,1
上/noun,信/verb,1
信/verb,上/noun,1
民/noun,用/verb,1
莫/adv,用/verb,1
用/verb,民/noun,1
用/verb,莫/adv,1
子/noun,至/verb,1
子/noun,焉/adv,1
至/verb,子/noun,1
至/verb,焉/adv,1
至/verb,用/verb,1
焉/adv,子/noun,1
焉/adv,至/verb,1
用/verb,至/verb,1
以/verb,邦/noun,1
邦/noun,以/verb,1
政/noun,雖/adv,1
雖/adv,政/noun,1
雖/adv,聞/verb,1
聞/verb,雖/adv,1
正/verb,從/verb,1
身/noun,從/verb,1
身/noun,政/noun,1
從/verb,正/verb,1
從/verb,身/noun,1
政/noun,身/noun,1
何/adv,正/verb,1
正/verb,何/adv,1
身/noun,如/verb,1
如/verb,身/noun,1
正/verb,人/noun,1
人/noun,正/verb,1
說/verb,遠/verb,1
遠/verb,說/verb,1
由/verb,君子/noun,1
君子/noun,由/verb,1
正/verb,則/adv,1
正/verb,言/verb,1
則/adv,正/verb,1
言/verb,正/verb,1
有/verb,直/verb,1
直/verb,有/verb,1
則/adv,達/verb,1
達/verb,則/adv,1
達/verb,見/verb,1
見/verb,達/verb,1
大/verb,事/noun,1
大/verb,成/verb,1
事/noun,大/verb,1
成/verb,大/verb,1
父/noun,為/verb,1
為/verb,父/noun,1
直/verb,在/verb,1
直/verb,中/noun,1
在/verb,直/verb,1
中/noun,直/verb,1
難/verb,臣/noun,1
臣/noun,難/verb,1
難/verb,言/noun,1
言/noun,難/verb,1
敬/verb,人/noun,1
人/noun,敬/verb,1
從/verb,如/verb,1
政/noun,如/verb,1
如/verb,從/verb,1
如/verb,政/noun,1
君/noun,命/noun,1
命/noun,君/noun,1
命/noun,謂/verb,1
命/noun,士/noun,1
謂/verb,命/noun,1
士/noun,命/noun,1
曰/verb,樂/noun,1
無/verb,樂/noun,1
樂/noun,曰/verb,1
樂/noun,無/verb,1
樂/noun,君/noun,1
君/noun,樂/noun,1
君/noun,言/noun,1
言/noun,君/noun,1
言/noun,莫/adv,1
莫/adv,言/noun,1
莫/adv,亦/adv,1
亦/adv,莫/adv,1
亦/adv,善/verb,1
亦/adv,如/verb,1
善/verb,亦/adv,1
如/verb,亦/adv,1
善/verb,莫/adv,1
莫/adv,善/verb,1
得/verb,中/noun,1
得/verb,行/verb,1
中/noun,得/verb,1
中/noun,與/verb,1
行/verb,得/verb,1
行/verb,與/verb,1
與/verb,中/noun,1
與/verb,行/verb,1
惡/verb,如/verb,1
如/verb,惡/verb,1
未/adv,如/verb,1
可/verb,如/verb,1
如/verb,未/adv,1
如/verb,可/verb,1
善/verb,惡/verb,1
惡/verb,善/verb,1
民/noun,謂/verb,1
謂/verb,民/noun,1
怨/verb,行/verb,1
行/verb,怨/verb,1
民/noun,年/noun,1
年/noun,民/noun,1
以/verb,難/verb,1
難/verb,以/verb,1
難/verb,仁/noun,1
仁/noun,難/verb,1
士/noun,居/verb,1
居/verb,士/noun,1
居/verb,為/verb,1
為/verb,居/verb,1
君子/noun,仁/verb,1
仁/verb,君子/noun,1
未/adv,小/verb,1
小/verb,未/adv,1
小/verb,仁/verb,1
仁/verb,小/verb,1
德/noun,仁/verb,1
仁/verb,德/noun,1
仁/verb,必/adv,1
必/adv,仁/verb,1
怨/verb,難/verb,1
難/verb,怨/verb,1
為/verb,命/noun,1
命/noun,為/verb,1
怨/verb,言/verb,1
言/verb,怨/verb,1
信/verb,夫子/noun,1
夫子/noun,信/verb,1
夫子/noun,言/verb,1
言/verb,夫子/noun,1
文/noun,禮/noun,1
禮/noun,文/noun,1
求/verb,後/noun,1
後/noun,求/verb,1
後/noun,雖/adv,1
雖/adv,後/noun,1
君/noun,信/verb,1
信/verb,君/noun,1
今/noun,成/verb,1
成/verb,今/noun,1
成/verb,何/adv,1
何/adv,成/verb,1
何/adv,然/verb,1
必/adv,然/verb,1
必/adv,見/verb,1
然/verb,何/adv,1
然/verb,必/adv,1
然/verb,見/verb,1
見/verb,必/adv,1
見/verb,然/verb,1
夫子/noun,然/verb,1
然/verb,夫子/noun,1
非/adv,仁/noun,1
仁/noun,非/adv,1
後/noun,君/noun,1
君/noun,後/noun,1
君子/noun,達/verb,1
上/noun,達/verb,1
上/noun,小/verb,1
達/verb,君子/noun,1
達/verb,上/noun,1
小/verb,上/noun,1
小/verb,下/noun,1
下/noun,小/verb,1
下/noun,達/verb,1
達/verb,下/noun,1
夫子/noun,過/noun,1
過/noun,夫子/noun,1
過/noun,未/adv,1
未/adv,過/noun,1
君子/noun,出/verb,1
思/verb,出/verb,1
出/verb,君子/noun,1
出/verb,思/verb,1
賢/verb,則/adv,1
則/adv,賢/verb,1
道/noun,仁/noun,1
仁/noun,道/noun,1
非/adv,為/verb,1
為/verb,非/adv,1
信/verb,亦/adv,1
亦/adv,信/verb,1
亦/adv,先/noun,1
先/noun,亦/adv,1
先/noun,賢/verb,1
賢/verb,先/noun,1
天/noun,民/noun,1
民/noun,天/noun,1
民/noun,今/noun,1
今/noun,民/noun,1
怨/verb,如/verb,1
如/verb,怨/verb,1
怨/verb,天/noun,1
天/noun,怨/verb,1
學/noun,達/verb,1
達/verb,學/noun,1
達/verb,知/verb,1
達/verb,天/noun,1
知/verb,達/verb,1
天/noun,達/verb,1
德/noun,直/verb,1
直/verb,德/noun,1
直/verb,怨/verb,1
怨/verb,直/verb,1
行/verb,命/noun,1
命/noun,行/verb,1
命/noun,道/noun,1
道/noun,命/noun,1
如/verb,命/noun,1
命/noun,如/verb,1
夫子/noun,有/verb,1
有/verb,夫子/noun,1
有/verb,志/noun,1
志/noun,有/verb,1
年/noun,言/verb,1
年/noun,謂/verb,1
言/verb,年/noun,1
謂/verb,年/noun,1
然/verb,君/noun,1
君/noun,然/verb,1
則/adv,聞/verb,1
聞/verb,則/adv,1
然/verb,非/adv,1
非/adv,然/verb,1
見/verb,先/noun,1
先/noun,見/verb,1
行/verb,非/adv,1
非/adv,行/verb,1
知/verb,德/noun,1
德/noun,知/verb,1
為/verb,多/verb,1
多/verb,為/verb,1
多/verb,學/noun,1
學/noun,多/verb,1
為/verb,正/verb,1
正/verb,為/verb,1
人/noun,與/verb,1
與/verb,人/noun,1
志/noun,仁/verb,1
士/noun,仁/verb,1
仁/verb,志/noun,1
仁/verb,士/noun,1
仁/verb,無/verb,1
無/verb,仁/verb,1
身/noun,成/verb,1
成/verb,身/noun,1
善/verb,事/noun,1
善/verb,必/adv,1
事/noun,善/verb,1
事/noun,先/noun,1
必/adv,善/verb,1
必/adv,先/noun,1
先/noun,事/noun,1
先/noun,必/adv,1
居/verb,事/verb,1
邦/noun,事/verb,1
邦/noun,大/verb,1
事/verb,居/verb,1
事/verb,邦/noun,1
事/verb,大/verb,1
事/verb,夫/noun,1
大/verb,邦/noun,1
大/verb,事/verb,1
夫/noun,事/verb,1
夫/noun,賢/verb,1
賢/verb,夫/noun,1
賢/verb,士/noun,1
士/noun,賢/verb,1
士/noun,仁/noun,1
仁/noun,士/noun,1
無/verb,遠/verb,1
遠/verb,無/verb,1
遠/verb,必/adv,1
必/adv,遠/verb,1
邦/noun,行/verb,1
行/verb,邦/noun,1
立/verb,則/adv,1
立/verb,見/verb,1
則/adv,立/verb,1
見/verb,立/verb,1
然/verb,行/verb,1
行/verb,然/verb,1
居/verb,日/noun,1
日/noun,居/verb,1
日/noun,言/noun,1
日/noun,及/verb,1
言/noun,日/noun,1
及/verb,日/noun,1
及/verb,義/noun,1
及/verb,好/verb,1
義/noun,及/verb,1
好/verb,及/verb,1
好/verb,小/verb,1
小/verb,好/verb,1
禮/noun,行/verb,1
行/verb,禮/noun,1
信/verb,成/verb,1
成/verb,信/verb,1
惡/verb,必/adv,1
必/adv,惡/verb,1
好/verb,必/adv,1
必/adv,好/verb,1
言/noun,德/noun,1
德/noun,言/noun,1
直/verb,行/verb,1
行/verb,直/verb,1
以/verb,思/verb,1
思/verb,以/verb,1
中/noun,學/noun,1
學/noun,中/noun,1
中/noun,君子/noun,1
君子/noun,中/noun,1
死/verb,未/adv,1
未/adv,死/verb,1
仁/noun,死/verb,1
死/verb,仁/noun,1
事/verb,敬/verb,1
君/noun,敬/verb,1
君/noun,事/noun,1
敬/verb,事/verb,1
敬/verb,君/noun,1
事/noun,君/noun,1
夫子/noun,欲/verb,1
夫子/noun,臣/noun,1
欲/verb,夫子/noun,1
臣/noun,夫子/noun,1
仁/noun,雖/adv,1
雖/adv,仁/noun,1
雖/adv,得/verb,1
雖/adv,必/adv,1
得/verb,雖/adv,1
得/verb,必/adv,1
必/adv,雖/adv,1
必/adv,得/verb,1
必/adv,失/verb,1
失/verb,必/adv,1
失/verb,及/verb,1
及/verb,失/verb,1
民/noun,知/verb,1
敬/verb,知/verb,1
敬/verb,及/verb,1
知/verb,民/noun,1
知/verb,敬/verb,1
及/verb,敬/verb,1
禮/noun,善/verb,1
未/adv,善/verb,1
善/verb,禮/noun,1
善/verb,未/adv,1
必/adv,子/noun,1
子/noun,必/adv,1
先/noun,以/verb,1
以/verb,先/noun,1
邦/noun,中/noun,1
中/noun,邦/noun,1
則/adv,焉/adv,1
焉/adv,則/adv,1
中/noun,過/noun,1
過/noun,中/noun,1
多/verb,賢/verb,1
賢/verb,多/verb,1
言/noun,未/adv,1
未/adv,言/noun,1
未/adv,及/verb,1
未/adv,言/verb,1
及/verb,未/adv,1
言/verb,未/adv,1
謂/verb,未/adv,1
未/adv,謂/verb,1
見/verb,色/noun,1
色/noun,見/verb,1
色/noun,言/verb,1
色/noun,謂/verb,1
言/verb,色/noun,1
謂/verb,色/noun,1
在/verb,色/noun,1
色/noun,在/verb,1
在/verb,得/verb,1
得/verb,在/verb,1
上/noun,學/verb,1
學/verb,上/noun,1
學/verb,民/noun,1
學/verb,為/verb,1
民/noun,學/verb,1
民/noun,為/verb,1
為/verb,學/verb,1
為/verb,民/noun,1
子/noun,出/verb,1
出/verb,子/noun,1
出/verb,下/noun,1
下/noun,出/verb,1
失/verb,大/verb,1
失/verb,夫/noun,1
大/verb,失/verb,1
大/verb,出/verb,1
夫/noun,失/verb,1
夫/noun,出/verb,1
出/verb,大/verb,1
出/verb,夫/noun,1
失/verb,臣/noun,1
臣/noun,失/verb,1
失/verb,天/noun,1
失/verb,下/noun,1
天/noun,失/verb,1
下/noun,失/verb,1
則/adv,政/noun,1
政/noun,則/adv,1
政/noun,在/verb,1
在/verb,政/noun,1
在/verb,大/verb,1
大/verb,在/verb,1
大/verb,下/noun,1
下/noun,大/verb,1
子/noun,亦/adv,1
亦/adv,子/noun,1
君子/noun,夫/noun,1
夫/noun,君子/noun,1
夫/noun,曰/verb,1
曰/verb,夫/noun,1
曰/verb,欲/verb,1
曰/verb,必/adv,1
欲/verb,曰/verb,1
欲/verb,必/adv,1
必/adv,曰/verb,1
必/adv,欲/verb,1
如/verb,遠/verb,1
遠/verb,如/verb,1
夫子/noun,遠/verb,1
遠/verb,夫子/noun,1
言/noun,小/verb,1
小/verb,言/noun,1
邦/noun,仁/noun,1
仁/noun,邦/noun,1
問/verb,得/verb,1
得/verb,問/verb,1
聞/verb,遠/verb,1
君子/noun,遠/verb,1
君子/noun,子/noun,1
遠/verb,聞/verb,1
遠/verb,君子/noun,1
遠/verb,子/noun,1
子/noun,君子/noun,1
子/noun,遠/verb,1
從/verb,事/noun,1
事/noun,從/verb,1
事/noun,失/verb,1
失/verb,事/noun,1
失/verb,謂/verb,1
謂/verb,失/verb,1
及/verb,見/verb,1
及/verb,善/verb,1
見/verb,及/verb,1
善/verb,及/verb,1
見/verb,聞/verb,1
聞/verb,見/verb,1
以/verb,志/noun,1
求/verb,志/noun,1
志/noun,以/verb,1
志/noun,求/verb,1
志/noun,行/verb,1
志/noun,義/noun,1
行/verb,志/noun,1
義/noun,志/noun,1
義/noun,達/verb,1
達/verb,義/noun,1
達/verb,道/noun,1
道/noun,達/verb,1
有/verb,思/verb,1
思/verb,有/verb,1
知/verb,下/noun,1
下/noun,知/verb,1
行/verb,天/noun,1
行/verb,下/noun,1
天/noun,行/verb,1
下/noun,行/verb,1
用/verb,為/verb,1
為/verb,用/verb,1
曰/verb,君子/noun,1
君子/noun,曰/verb,1
小/verb,學/verb,1
人/noun,學/verb,1
學/verb,小/verb,1
學/verb,人/noun,1
聞/verb,言/verb,1
言/verb,聞/verb,1
以/verb,言/verb,1
言/verb,以/verb,1
學/verb,日/noun,1
日/noun,學/verb,1
學/verb,聞/verb,1
聞/verb,學/verb,1
然/verb,有/verb,1
有/verb,然/verb,1
曰/verb,身/noun,1
身/noun,曰/verb,1
身/noun,善/verb,1
善/verb,身/noun,1
得/verb,信/verb,1
信/verb,得/verb,1
則/adv,使/verb,1
使/verb,則/adv,1
說/verb,德/noun,1
德/noun,說/verb,1
小/verb,何/adv,1
何/adv,小/verb,1
莫/adv,學/verb,1
學/verb,莫/adv,1
父/noun,遠/verb,1
遠/verb,父/noun,1
遠/verb,君/noun,1
事/verb,多/verb,1
君/noun,遠/verb,1
君/noun,多/verb,1
多/verb,事/verb,1
多/verb,君/noun,1
與/verb,事/verb,1
與/verb,君/noun,1
事/verb,與/verb,1
君/noun,與/verb,1
君/noun,未/adv,1
君/noun,得/verb,1
未/adv,君/noun,1
得/verb,君/noun,1
失/verb,至/verb,1
無/verb,至/verb,1
至/verb,失/verb,1
至/verb,無/verb,1
如/verb,言/verb,1
言/verb,如/verb,1
言/verb,小/verb,1
則/adv,子/noun,1
小/verb,言/verb,1
子/noun,則/adv,1
居/verb,好/verb,1
好/verb,居/verb,1
仁/noun,學/noun,1
學/noun,仁/noun,1
知/verb,學/noun,1
學/noun,知/verb,1
直/verb,學/noun,1
學/noun,直/verb,1
勇/noun,學/noun,1
學/noun,勇/noun,1
有/verb,今/noun,1
今/noun,有/verb,1
直/verb,今/noun,1
今/noun,直/verb,1
無/verb,用/verb,1
用/verb,無/verb,1
用/verb,難/verb,1
難/verb,用/verb,1
仁/verb,子/noun,1
子/noun,仁/verb,1
子/noun,年/noun,1
年/noun,子/noun,1
年/noun,然/verb,1
年/noun,後/noun,1
然/verb,年/noun,1
後/noun,年/noun,1
後/noun,父/noun,1
父/noun,後/noun,1
年/noun,天/noun,1
天/noun,年/noun,1
聞/verb,樂/noun,1
樂/noun,聞/verb,1
樂/noun,居/verb,1
居/verb,樂/noun,1
上/noun,有/verb,1
有/verb,上/noun,1
人/noun,勇/noun,1
勇/noun,人/noun,1
年/noun,惡/verb,1
惡/verb,年/noun,1
君子/noun,年/noun,1
年/noun,君子/noun,1
年/noun,禮/noun,1
禮/noun,年/noun,1
必/adv,年/noun,1
年/noun,必/adv,1
年/noun,樂/noun,1
樂/noun,年/noun,1
惡/noun,居/verb,1
居/verb,惡/noun,1
上/noun,惡/noun,1
上/noun,勇/noun,1
惡/noun,上/noun,1
惡/noun,勇/noun,1
勇/noun,上/noun,1
勇/noun,惡/noun,1
遠/verb,怨/verb,1
則/adv,怨/verb,1
怨/verb,遠/verb,1
怨/verb,則/adv,1
知/verb,惡/noun,1
惡/noun,知/verb,1
以/verb,勇/noun,1
勇/noun,以/verb,1
為/verb,直/verb,1
直/verb,為/verb,1
直/verb,事/verb,1
事/verb,直/verb,1
事/verb,何/adv,1
何/adv,事/verb,1
必/adv,父/noun,1
父/noun,必/adv,1
父/noun,邦/noun,1
邦/noun,父/noun,1
何/adv,德/noun,1
德/noun,何/adv,1
從/verb,人/noun,1
人/noun,從/verb,1
居/verb,言/verb,1
言/verb,居/verb,1
君/noun,義/noun,1
臣/noun,義/noun,1
義/noun,君/noun,1
義/noun,臣/noun,1
義/noun,如/verb,1
如/verb,義/noun,1
身/noun,大/verb,1
大/verb,身/noun,1
大/verb,君子/noun,1
君子/noun,大/verb,1
義/noun,道/noun,1
道/noun,義/noun,1
德/noun,信/verb,1
信/verb,德/noun,1
信/verb,道/noun,1
道/noun,信/verb,1
士/noun,見/verb,1
見/verb,士/noun,1
命/noun,見/verb,1
命/noun,得/verb,1
見/verb,命/noun,1
得/verb,命/noun,1
大/verb,怨/verb,1
臣/noun,怨/verb,1
怨/verb,大/verb,1
怨/verb,臣/noun,1
雖/adv,小/verb,1
小/verb,雖/adv,1
小/verb,道/noun,1
小/verb,必/adv,1
道/noun,小/verb,1
道/noun,必/adv,1
必/adv,小/verb,1
必/adv,道/noun,1
日/noun,知/verb,1
知/verb,日/noun,1
無/verb,謂/verb,1
謂/verb,無/verb,1
學/verb,志/noun,1
志/noun,學/verb,1
志/noun,問/verb,1
問/verb,志/noun,1
思/verb,仁/noun,1
思/verb,在/verb,1
仁/noun,思/verb,1
仁/noun,在/verb,1
仁/noun,中/noun,1
在/verb,思/verb,1
在/verb,仁/noun,1
中/noun,仁/noun,1
君子/noun,賢/verb,1
賢/verb,君子/noun,1
善/verb,大/verb,1
大/verb,善/verb,1
何/adv,賢/verb,1
賢/verb,何/adv,1
大/verb,德/noun,1
德/noun,大/verb,1
小/verb,出/verb,1
德/noun,出/verb,1
出/verb,小/verb,1
出/verb,德/noun,1
出/verb,可/verb,1
可/verb,出/verb,1
君子/noun,信/verb,1
信/verb,君子/noun,1
後/noun,民/noun,1
民/noun,後/noun,1
民/noun,未/adv,1
未/adv,民/noun,1
為/verb,信/verb,1
信/verb,為/verb,1
後/noun,未/adv,1
未/adv,後/noun,1
然/verb,未/adv,1
然/verb,仁/verb,1
未/adv,然/verb,1
仁/verb,然/verb,1
則/adv,可/verb,1
可/verb,則/adv,1
夫子/noun,未/adv,1
未/adv,夫子/noun,1
臣/noun,政/noun,1
父/noun,政/noun,1
父/noun,難/verb,1
政/noun,臣/noun,1
政/noun,父/noun,1
政/noun,難/verb,1
難/verb,父/noun,1
難/verb,政/noun,1
君子/noun,惡/verb,1
惡/verb,君子/noun,1
惡/verb,居/verb,1
惡/verb,下/noun,1
居/verb,惡/verb,1
下/noun,惡/verb,1
天/noun,惡/noun,1
下/noun,惡/noun,1
惡/noun,天/noun,1
惡/noun,下/noun,1
君子/noun,過/noun,1
過/noun,君子/noun,1
過/noun,日/noun,1
日/noun,過/noun,1
上/noun,失/verb,1
上/noun,道/noun,1
失/verb,上/noun,1
失/verb,道/noun,1
失/verb,民/noun,1
道/noun,上/noun,1
道/noun,失/verb,1
道/noun,民/noun,1
民/noun,失/verb,1
民/noun,道/noun,1
賢/verb,子/noun,1
子/noun,賢/verb,1
在/verb,賢/verb,1
賢/verb,在/verb,1
莫/adv,有/verb,1
有/verb,莫/adv,1
夫子/noun,焉/adv,1
夫子/noun,學/verb,1
焉/adv,夫子/noun,1
焉/adv,亦/adv,1
學/verb,夫子/noun,1
學/verb,亦/adv,1
亦/adv,焉/adv,1
亦/adv,學/verb,1
亦/adv,何/adv,1
何/adv,亦/adv,1
雖/adv,何/adv,1
何/adv,雖/adv,1
何/adv,日/noun,1
日/noun,何/adv,1
日/noun,多/verb,1
多/verb,日/noun,1
多/verb,知/verb,1
知/verb,多/verb,1
好/verb,夫子/noun,1
夫子/noun,好/verb,1
夫子/noun,云/verb,1
夫子/noun,亦/adv,1
云/verb,夫子/noun,1
云/verb,亦/adv,1
亦/adv,夫子/noun,1
亦/adv,云/verb,1
有/verb,在/verb,1
過/noun,在/verb,1
在/verb,有/verb,1
在/verb,過/noun,1
謂/verb,惡/noun,1
惡/noun,謂/verb,1
夫子/noun,及/verb,1
及/verb,夫子/noun,1
及/verb,天/noun,1
天/noun,及/verb,1
得/verb,邦/noun,1
邦/noun,得/verb,1
謂/verb,立/verb,1
立/verb,謂/verb,1
死/verb,如/verb,1
如/verb,死/verb,1
怨/verb,欲/verb,1
欲/verb,怨/verb,1
命/noun,無/verb,1
命/noun,以/verb,1
無/verb,命/noun,1
以/verb,命/noun,1
立/verb,言/noun,1
言/noun,立/verb,1
成/verb,謂/verb,1
謂/verb,成/verb,1
人/noun,出/verb,1
出/verb,人/noun,1
謂/verb,有/verb,1
有/verb,謂/verb,1
仁/verb,得/verb,1
得/verb,仁/verb,1
君子/noun,正/verb,1
正/verb,君子/noun,1
